epoch,time,train/box_loss,train/cls_loss,train/dfl_loss,metrics/precision(B),metrics/recall(B),metrics/mAP50(B),metrics/mAP50-95(B),val/box_loss,val/cls_loss,val/dfl_loss,lr/pg0,lr/pg1,lr/pg2
1,93.0608,2.78585,1.91543,1.11139,0.53176,0.44948,0.44608,0.15265,3.02492,2.89464,0.95687,9.98908e-05,9.98908e-05,0.0801217
2,175.437,2.60693,1.63659,1.04878,0.4982,0.40589,0.41916,0.15661,3.07154,3.10327,0.93125,0.000197912,0.000197912,0.0602197
3,253.432,2.53386,1.55332,1.03205,0.56899,0.45394,0.48097,0.18053,2.86937,2.6421,0.90433,0.000293953,0.000293953,0.0403158
4,331.088,2.49514,1.49803,1.01952,0.63404,0.46645,0.50888,0.19083,2.82195,2.92033,0.91039,0.000388014,0.000388014,0.0204098
5,414.037,2.44764,1.44778,1.0076,0.63865,0.45231,0.50454,0.17918,2.94076,2.92058,0.91544,0.000480095,0.000480095,0.000501929
6,486.668,2.42083,1.41641,0.99987,0.64734,0.48705,0.52751,0.19268,2.85491,3.32643,0.91261,0.00047525,0.00047525,0.00047525
7,563.206,2.38943,1.38029,0.99358,0.65371,0.50404,0.54882,0.20622,2.7603,2.78897,0.90367,0.0004703,0.0004703,0.0004703
8,640.02,2.35821,1.35271,0.98727,0.65851,0.49879,0.5499,0.20569,2.89563,2.67195,0.90532,0.00046535,0.00046535,0.00046535
9,712.532,2.33957,1.32908,0.9827,0.63064,0.46558,0.50969,0.19293,3.03488,3.4856,0.93043,0.0004604,0.0004604,0.0004604
10,790.985,2.32076,1.31077,0.9808,0.63273,0.48705,0.51847,0.1968,2.87855,3.13402,0.91443,0.00045545,0.00045545,0.00045545
11,867.763,2.30217,1.29556,0.97455,0.62925,0.49034,0.52672,0.195,3.04373,2.87764,0.91942,0.0004505,0.0004505,0.0004505
12,944.902,2.28938,1.28111,0.97128,0.63371,0.50406,0.54486,0.20518,2.9534,2.93517,0.91759,0.00044555,0.00044555,0.00044555
13,1021.21,2.28086,1.26752,0.96986,0.65119,0.49051,0.53962,0.20422,2.81566,2.71302,0.91406,0.0004406,0.0004406,0.0004406
14,1094.85,2.26552,1.25413,0.96672,0.66956,0.51309,0.55484,0.20459,2.84409,2.96663,0.91056,0.00043565,0.00043565,0.00043565
15,1171.62,2.245,1.23858,0.96396,0.64451,0.49371,0.53663,0.19998,2.78754,2.69164,0.90044,0.0004307,0.0004307,0.0004307
16,1245.24,2.23589,1.23129,0.96221,0.65556,0.49315,0.54113,0.20417,2.83045,3.06075,0.90548,0.00042575,0.00042575,0.00042575
17,1325.02,2.21903,1.21715,0.95901,0.64534,0.50048,0.54714,0.20766,2.82116,3.06281,0.90867,0.0004208,0.0004208,0.0004208
18,1396.32,2.21965,1.2125,0.95575,0.65001,0.48945,0.53784,0.19851,2.92284,3.02737,0.91937,0.00041585,0.00041585,0.00041585
19,1473.75,2.20881,1.20224,0.95493,0.65657,0.49789,0.54512,0.20312,2.94706,2.8157,0.91023,0.0004109,0.0004109,0.0004109
20,1547.7,2.20398,1.20035,0.9556,0.64736,0.50521,0.54351,0.19813,2.83767,2.98963,0.91012,0.00040595,0.00040595,0.00040595
21,1625.01,2.19332,1.19037,0.95254,0.66212,0.50042,0.55314,0.20659,2.88712,3.00703,0.91004,0.000401,0.000401,0.000401
22,1699.14,2.18269,1.18035,0.94926,0.62848,0.48552,0.52384,0.19432,2.89713,3.06211,0.92114,0.00039605,0.00039605,0.00039605
23,1779.36,2.17524,1.17217,0.94816,0.66374,0.50796,0.54482,0.20497,2.81925,3.10465,0.90576,0.0003911,0.0003911,0.0003911
24,1851.43,2.16599,1.16816,0.94676,0.65578,0.49264,0.54189,0.19523,2.91549,2.96702,0.92032,0.00038615,0.00038615,0.00038615
25,1926.21,2.16633,1.16366,0.94282,0.64482,0.51364,0.54867,0.20026,2.80651,3.03532,0.91148,0.0003812,0.0003812,0.0003812
26,2002.36,2.15,1.15413,0.94408,0.65149,0.50379,0.54292,0.20144,2.83534,2.91994,0.90925,0.00037625,0.00037625,0.00037625
27,2079.21,2.13837,1.14443,0.94481,0.65115,0.51119,0.54424,0.20041,2.79656,2.99528,0.90892,0.0003713,0.0003713,0.0003713
28,2151.52,2.14463,1.14484,0.93845,0.65116,0.49804,0.53875,0.19876,2.79124,3.12471,0.90794,0.00036635,0.00036635,0.00036635
29,2230.89,2.13293,1.13238,0.94058,0.64199,0.4951,0.5289,0.19311,2.82467,3.17823,0.91402,0.0003614,0.0003614,0.0003614
30,2307.85,2.12121,1.12725,0.9401,0.65626,0.50095,0.54264,0.19917,2.85558,3.2164,0.9147,0.00035645,0.00035645,0.00035645
31,2384.69,2.12182,1.12798,0.93888,0.64201,0.50014,0.53756,0.19947,2.79902,3.35076,0.91589,0.0003515,0.0003515,0.0003515
32,2459.63,2.11941,1.12152,0.93619,0.63737,0.49442,0.53238,0.19851,2.76597,3.37927,0.91277,0.00034655,0.00034655,0.00034655
33,2540.12,2.11073,1.11705,0.93582,0.64714,0.49766,0.53937,0.19836,2.80105,3.31489,0.91568,0.0003416,0.0003416,0.0003416
34,2613.9,2.10977,1.11332,0.93572,0.65097,0.5021,0.53848,0.19958,2.79074,3.33099,0.90406,0.00033665,0.00033665,0.00033665
35,2693.02,2.09983,1.10904,0.93544,0.64944,0.49625,0.53891,0.1993,2.82002,3.37555,0.91299,0.0003317,0.0003317,0.0003317
36,2767.64,2.09975,1.10656,0.93237,0.64441,0.49539,0.53423,0.19889,2.82844,3.14888,0.90959,0.00032675,0.00032675,0.00032675
37,2844.53,2.10243,1.10599,0.93035,0.63849,0.49659,0.53404,0.19836,2.84579,3.24045,0.91062,0.0003218,0.0003218,0.0003218
38,2917.06,2.0871,1.09806,0.93174,0.64388,0.49356,0.52999,0.1981,2.82433,3.32752,0.9111,0.00031685,0.00031685,0.00031685
39,2996.85,2.07679,1.08964,0.93136,0.64759,0.50014,0.5367,0.19853,2.87339,3.36471,0.91546,0.0003119,0.0003119,0.0003119
40,3070.86,2.08266,1.09215,0.92948,0.64209,0.50104,0.53487,0.19994,2.8259,3.30738,0.91254,0.00030695,0.00030695,0.00030695
41,3146.09,2.07776,1.08783,0.9267,0.6322,0.50491,0.53485,0.19967,2.80707,3.2801,0.90881,0.000302,0.000302,0.000302
